Image Tag,Algorithm Name,Analysis Region,% CD3 Positive Cells,% TCR-Alpha-Delta Positive Cells,% IL7R Positive Cells,% Early T-Cells:CD3+TCR- Positive Cells,% Mature T-Cells:CD3+TCR+ Positive Cells,% Pool-ILCs:CD3-TCR-IL7R+ Positive Cells,% IL7R+CD3+ Positive Cells,% IL7R+CD3- Positive Cells,% IL7R+TCR+ Positive Cells,% IL7R+TCR- Positive Cells,% ROR-GammaT Positive Cells,% AHR Positive Cells,% ILC3:ROR+AHR+CD3-TCR-IL7R+ Positive Cells,% T-Helper:CD3+TCR+ROR+AHR+ Positive Cells,% Resting T ILC3-like:ROR+AHR+CD3+TCR-IL7R+ Positive Cells
173918_NVA_17-001.ILC3.RunDC.CD3_19T006813.10.czi,HighPlex FL v4.2.5_ILC3-Default,Layer 1,7.813757,14.342206,12.009538,1.226796,6.586961,4.920351,2.430188,9.57935,7.039939,4.969598,1.081005,30.380766,0.37155,0.069727,0.005851
173919_NVA_17-001.ILC3.RunDC.CD3_19T029473.01.czi,HighPlex FL v4.2.5_ILC3-Default,Layer 1,5.021485,9.289483,10.851426,0.54658,4.474905,5.254325,2.121307,8.73012,5.507983,5.343443,7.461645,78.637184,0.699067,0.237223,0.0084
173920_NVA_17-001.ILC3.RunDC.CD3_19T053799.30.czi,HighPlex FL v4.2.5_ILC3-Default,Layer 1,5.955409,5.663035,12.633392,2.631366,3.324044,7.734989,2.74639,9.887003,4.335444,8.297948,3.936154,51.218647,0.949075,0.473778,0.117051
173921_NVA_17-001.ILC3.RunDC.CD3_19T058771.01.czi,HighPlex FL v4.2.5_ILC3-Default,Layer 1,7.471366,12.893065,14.593508,1.521622,5.949744,6.488909,2.962099,11.631409,7.91496,6.678548,5.403667,76.442657,0.741426,0.709569,0.040573
173922_NVA_17-001.ILC3.RunDC.CD3_20T034660.04.czi,HighPlex FL v4.2.5_ILC3-Default,Layer 1,16.470009,28.657244,23.418583,0.438356,16.031652,5.003056,10.063089,13.355493,18.382967,5.035614,3.852113,79.704514,0.652946,0.810262,0.006364
173923_NVA_17-001.ILC3.RunDC.CD3_20T040991.01.czi,HighPlex FL v4.2.5_ILC3-Default,Layer 1,15.472452,20.730431,30.970419,5.383986,10.088466,12.645079,9.831243,21.139177,16.143108,14.827312,6.42798,88.3255,2.211392,0.430094,0.120801
173924_NVA_17-001.ILC3.RunDC.CD3_20T044736.01.czi,HighPlex FL v4.2.5_ILC3-Default,Layer 1,7.512097,8.55264,9.924147,2.223608,5.288488,4.24318,3.586451,6.337696,4.840128,5.084019,2.096681,84.759209,0.256454,0.323166,0.067579
173925_NVA_17-001.ILC3.RunDC.CD3_20T047891.01.czi,HighPlex FL v4.2.5_ILC3-Default,Layer 1,9.607399,12.311193,14.052613,4.157464,5.449935,5.049105,3.34185,10.710763,8.8707,5.181913,5.040444,60.255798,0.36474,0.581756,0.015398
