Image Tag,Algorithm Name,Analysis Region,% CD3 Positive Cells,% TCR-Alpha-Delta Positive Cells,% IL7R Positive Cells,% Early T-Cells:CD3+TCR- Positive Cells,% Mature T-Cells:CD3+TCR+ Positive Cells,% Pool-ILCs:CD3-TCR-IL7R+ Positive Cells,% IL7R+CD3+ Positive Cells,% IL7R+CD3- Positive Cells,% IL7R+TCR+ Positive Cells,% IL7R+TCR- Positive Cells,% ROR-GammaT Positive Cells,% AHR Positive Cells,% ILC3:ROR+AHR+CD3-TCR-IL7R+ Positive Cells,% T-Helper:CD3+TCR+ROR+AHR+ Positive Cells,% Resting T ILC3-like:ROR+AHR+CD3+TCR-IL7R+ Positive Cells
173918_NVA_17-001.ILC3.RunDC.CD3_19T006813.10.czi,HighPlex FL v4.2.5_ILC3-Default,GC Excluded,7.91668,14.821897,12.828752,1.261194,6.655486,5.251664,2.59762,10.231132,7.52432,5.304431,1.150957,28.357523,0.394972,0.07471,0.006269
173919_NVA_17-001.ILC3.RunDC.CD3_19T029473.01.czi,HighPlex FL v4.2.5_ILC3-Default,GC Excluded,4.66752,8.64204,10.555098,0.53064,4.13688,5.270949,1.9866,8.568498,5.198537,5.35656,7.629412,78.446281,0.705069,0.23628,0.008486
173920_NVA_17-001.ILC3.RunDC.CD3_19T053799.30.czi,HighPlex FL v4.2.5_ILC3-Default,GC Excluded,5.759339,5.413707,12.376093,2.63224,3.127099,7.68288,2.583524,9.792569,4.132715,8.243379,3.913233,51.016129,0.929207,0.460501,0.11692
173921_NVA_17-001.ILC3.RunDC.CD3_19T058771.01.czi,HighPlex FL v4.2.5_ILC3-Default,GC Excluded,7.283833,12.345617,14.415197,1.56437,5.719463,6.529299,2.88004,11.535157,7.6925,6.722697,5.491697,76.15609,0.740475,0.720166,0.041242
173922_NVA_17-001.ILC3.RunDC.CD3_20T034660.04.czi,HighPlex FL v4.2.5_ILC3-Default,GC Excluded,17.26193,30.658648,26.109402,0.432012,16.829918,5.531258,11.249526,14.859876,20.542547,5.566855,4.116565,78.188156,0.716789,0.88575,0.007186
173923_NVA_17-001.ILC3.RunDC.CD3_20T040991.01.czi,HighPlex FL v4.2.5_ILC3-Default,GC Excluded,15.816461,21.384575,32.356441,5.506411,10.31005,13.201953,10.264181,22.092262,16.885088,15.471354,6.636197,87.918549,2.313086,0.443942,0.126139
173924_NVA_17-001.ILC3.RunDC.CD3_20T044736.01.czi,HighPlex FL v4.2.5_ILC3-Default,GC Excluded,7.141154,8.146807,9.700998,2.153962,4.987192,4.246533,3.398993,6.302005,4.632541,5.068457,2.07358,84.557014,0.240261,0.321968,0.064924
173925_NVA_17-001.ILC3.RunDC.CD3_20T047891.01.czi,HighPlex FL v4.2.5_ILC3-Default,GC Excluded,9.355971,11.772173,13.63685,4.198198,5.157773,5.024999,3.12044,10.51641,8.478105,5.158746,4.992899,59.998932,0.34677,0.562224,0.015077
